{"cameraMode":{"drawMode":0,"name":"Shaded","section":"Shading Mode"},"sceneLighting":false,"audioPlay":false,"sceneViewState":{"m_AlwaysRefresh":false,"showFog":true,"showSkybox":false,"showFlares":true,"showImageEffects":true,"showParticleSystems":true,"showVisualEffectGraphs":true,"m_FxEnabled":true},"in2DMode":false,"pivot":{"x":-1.3692220449447632,"y":1.9743099212646485,"z":-2.6834161281585695},"rotation":{"x":0.2370368093252182,"y":-0.027976445853710176,"z":0.0068316091783344749,"w":0.9711477756500244},"size":1.7310513257980347,"orthographic":true}