{"cameraMode":{"drawMode":0,"name":"Shaded","section":"Shading Mode"},"sceneLighting":true,"audioPlay":false,"sceneViewState":{"m_AlwaysRefresh":false,"showFog":true,"showSkybox":true,"showFlares":true,"showImageEffects":true,"showParticleSystems":true,"showVisualEffectGraphs":true,"m_FxEnabled":true},"in2DMode":false,"pivot":{"x":3.7632203102111818,"y":0.9484907388687134,"z":-8.835648536682129},"rotation":{"x":0.08183884620666504,"y":-0.08124016970396042,"z":0.0067118434235453609,"w":0.9933993220329285},"size":8.508137702941895,"orthographic":true}