{"cameraMode":{"drawMode":0,"name":"Shaded","section":"Shading Mode"},"sceneLighting":true,"audioPlay":false,"sceneViewState":{"m_AlwaysRefresh":false,"showFog":true,"showSkybox":true,"showFlares":true,"showImageEffects":true,"showParticleSystems":true,"showVisualEffectGraphs":true,"m_FxEnabled":true},"in2DMode":false,"pivot":{"x":7.61188268661499,"y":13.99646282196045,"z":-18.266036987304689},"rotation":{"x":0.18879739940166474,"y":-0.05182303115725517,"z":0.009993151761591435,"w":0.9806392788887024},"size":21.06600570678711,"orthographic":true}