{"cameraMode":{"drawMode":0,"name":"Shaded","section":"Shading Mode"},"sceneLighting":true,"audioPlay":false,"sceneViewState":{"m_AlwaysRefresh":false,"showFog":true,"showSkybox":true,"showFlares":true,"showImageEffects":true,"showParticleSystems":true,"showVisualEffectGraphs":true,"m_FxEnabled":true},"in2DMode":false,"pivot":{"x":173.2583770751953,"y":401.7568359375,"z":186.80911254882813},"rotation":{"x":0.20545877516269685,"y":-0.028179623186588289,"z":0.0059395343996584419,"w":0.9783471822738648},"size":541.4996337890625,"orthographic":true}