{"cameraMode":{"drawMode":0,"name":"Shaded","section":"Shading Mode"},"sceneLighting":false,"audioPlay":false,"sceneViewState":{"m_AlwaysRefresh":false,"showFog":true,"showSkybox":false,"showFlares":true,"showImageEffects":true,"showParticleSystems":true,"showVisualEffectGraphs":true,"m_FxEnabled":true},"in2DMode":false,"pivot":{"x":-2.1976993083953859,"y":1.9112318754196168,"z":1.489431619644165},"rotation":{"x":-0.08439209312200546,"y":0.05138980969786644,"z":-0.004348564427345991,"w":-0.9951745867729187},"size":3.8706555366516115,"orthographic":true}