{"cameraMode":{"drawMode":0,"name":"Shaded","section":"Shading Mode"},"sceneLighting":false,"audioPlay":false,"sceneViewState":{"m_AlwaysRefresh":false,"showFog":true,"showSkybox":false,"showFlares":true,"showImageEffects":true,"showParticleSystems":true,"showVisualEffectGraphs":true,"m_FxEnabled":true},"in2DMode":false,"pivot":{"x":-2.137892246246338,"y":2.4750657081604006,"z":-1.6734631061553956},"rotation":{"x":0.05978567898273468,"y":-0.7232520580291748,"z":0.06305913627147675,"w":0.6852057576179504},"size":3.2978625297546388,"orthographic":true}