{"cameraMode":{"drawMode":0,"name":"Shaded","section":"Shading Mode"},"sceneLighting":false,"audioPlay":false,"sceneViewState":{"m_AlwaysRefresh":false,"showFog":true,"showSkybox":false,"showFlares":true,"showImageEffects":true,"showParticleSystems":true,"showVisualEffectGraphs":true,"m_FxEnabled":true},"in2DMode":false,"pivot":{"x":1.2943525314331055,"y":0.3044974207878113,"z":2.081972122192383},"rotation":{"x":0.15688465535640717,"y":0.05804166942834854,"z":-0.009222107008099556,"w":0.985938549041748},"size":2.9895412921905519,"orthographic":true}